id;id_author;name;inst;gender
1;366;A. A. B. Lima;UFRJ;M
2;106;A. Dolenc;Telebrás;M
3;16;A. L. C. Cavalcanti;UFPE;F
4;616;Abdelsalam Helal;;M
5;1404;Abdul Nizar M.;;
6;612;Achim Leubner;;M
7;1228;Adolfo Guimaraes;;M
8;581;Adriana Bueno da Silva Roma;Universidade Federal do Rio Grande do Sul;F
9;257;Adriana L. Q. Mattoso;UFRJ;F
10;153;Adriana Maria R. do Nascimento;UFPE;F
11;938;Adriano Arantes Paterlini;ICMC-USP;M
12;1359;Adriano M. Pereira;;M
13;668;Adriano S. Arantes;;M
14;521;Adriano Veloso;UFMG;M
15;1312;Afonso Expedito Da Silva;;M
16;278;Agma J. M. Traina;USP;F
17;560;Agnès Voisard;;F
18;343;Ahmad R. Hadaegh;UM;M
19;54;Airton L. Barbosa;Consórcio CTI/BB/Embrapa;M
20;584;Ajay Kang;;M
21;929;Albert Weichselbraun;WU;M
22;75;Alberto H. F. Laender;UFMG;M
23;896;Aldo Monteiro do Nascimento;;M
24;1352;Aldo von Wangenheim;UFSC;M
25;1104;Aldri L. Dos Santos;;
26;735;Ale Smukler;;M
27;733;Alejandro A. Vaisman;;M
28;1126;Alessandreia Oliveira;UFF;F
29;1196;Alessandro Gustavo Farias Fior;;M
30;528;Alex Alves Freitas;University of Kent;M
31;758;Alexander Kuckelberg;;M
32;532;Alexander Ocsa;Universidad Nacional de San Agustin;M
33;165;Alexandre J. B. Martins;UFRGS;M
34;180;Alexandre M. Brito;PUCRJ;M
35;356;Alexandre Marcos Lins Vasconselos;UFPE;M
36;177;Alexandre P. de Carvalho;IBM;M
37;409;Alexandre Pedrosa Carneiro;TELEGOIÁS;M
38;1034;Alexandre Plastino;UFF;M
39;911;Alexandre R. Nardi;;M
40;137;Alexandre Ribenboim;PUCRJ;M
41;742;Alexandre Tagliari Lazzaretti;;M
42;764;Alexei Tretiakov;;M
43;1315;Aline Santos;;F
44;477;Allan J. C. Silva;UFMG;M
45;719;Allan José de Souza Bezerra;;M
46;173;Altigran S. Da Silva;UFAM;M
47;379;Álvaro Barbosa;PUCRJ;M
48;650;Alvaro Freitas Moreira;UFRGS;M
49;950;Álvaro R. Pereira Jr;;M
50;682;Ana Belén Martínez Prieto;;F
51;841;Ana Carolina Almeida;;M
52;63;Ana Carolina Salgado;UFPE;F
53;1026;Ana Christina Bringuente;UFES;F
54;872;Ana M. H. de Ávila;UNICAMP;F
55;23;Ana Maria de Carvalho Moura;IME;F
56;237;Ana Monteiro;Universidad Nacional de La Plata;F
57;937;Ana Paula Appel;;F
58;1022;Ana Paula Carvalho;UFMG;F
59;1337;Ana Paula Couto Da Silva;UFMG;F
60;253;Ana Regina C. da Rocha;UFRJ;F
61;353;Anderson A. Ferreira;UFMG/UFOP;M
62;43;Anderson Andrade De Menezes Filho;UFPE;M
63;1258;Anderson Kauer;;M
64;309;André Carlos Ponce Leon Ferreira de Carvalho;UFPB;M
65;1317;André Casimiro;;M
66;1346;André Costa;UFMG;M
67;391;André Luiz Braga;UFRJ;M
68;508;André Luiz da Costa Carvalho;UFAM;M
69;1106;André Medeiros;;M
70;256;André Monat;UFRJ;M
71;431;André O. Victor;UFRJ;M
72;728;André Santanchè;UNICAMP;M
73;27;André Souza Lemos;UFRGS;M
74;1468;Andréa Iabrudi Tavares;;F
75;123;Andrea S. Hemerly;IBM;F
76;378;Andréa Teles da Silva;IME;F
77;51;Andréa Zisman;UFPE;F
78;1350;Andrei De Souza Inácio;UFSC;M
79;461;Andréia da Silva Fagundes;;F
80;1002;Andresson da Silva Firmino;UFPE;M
81;334;Andrómaca Tasistro;Universidad de la Republica;F
82;571;Anelise Jantsch;;F
83;251;Anelise P. Braga;IBM;M
84;1110;Ângelo Brayner;UNIFOR;M
85;296;Ângelo E. M. Ciarlini;PUCRJ;M
86;1331;Angelo Fausti;LIneA;M
87;324;Angelo Perkusich;UFPB;M
88;1411;Anísio Lacerda;;M
89;527;Anjolina Grisi de Oliveira;UFPE;F
90;549;Anna Formica;;F
91;745;Anolan Yamilé Milanés;;F
92;721;Antónia Lopes;;F
93;312;Antonio Américo Trivellato Messias;UFMG;M
94;246;Antônio Carlos da Rocha Costa;UFRGS;M
95;39;Antonio L. Furtado;IBM;M
96;685;António Menezes Leitão;;M
97;819;Aran Bey Tcholakian Morales;;M
98;812;Aretusa Lopes;;F
99;1107;Aristênio Saraiva;;M
100;878;Arlei Silva;UCSB;M
101;8;Armando L. N. Delgado;UNICAMP;M
102;505;Arnaud Giacometti;Université de Tours;M
103;931;Arno Scharl;MODUL;M
104;1470;Arthur Emanuel de Oliveira Carosia;;M
105;498;Aruanda Simões Goncalves Meiguins;;F
106;315;Asterio K. Tanaka;UNIRIO;M
107;1305;Augusto Souza;;M
108;507;Ausberto S. Castro Vera;;M
109;304;Barrett R. Bryant;University of Alabama;M
110;491;Béatrice Bouchou;;F
111;2;Beatriz M. Daltrini;UNICAMP;F
112;103;Beatriz Zakimi;UFRJ;F
113;614;Benitz Vasconcelos;;M
114;1052;Bernadette Farias Lóscio;UFPE;F
115;138;Bernhard Mitschang;University of Stuttgart;M
116;1385;Berthier A. Ribeiro-Neto;UFMG;M
117;176;Bharat Bhargava;PU;M
118;1035;Bianca Zadrozny;IBM;F
119;475;Bianchi Serique Meiguins;;M
120;62;Brigitte Kerhervê;ENST;F
121;1094;Bruno C. Paes;;M
122;1042;Bruno de C. Leal;UFC;M
123;307;Bruno Defude;Grenoble;M
124;1194;Bruno Edson Martins de Albuquerque Filho;;M
125;740;Bruno Martins;;M
126;1294;Bruno Pinto;;M
127;411;Bruno Pôssas;Google;M
128;883;Bruno Tomazela;;M
129;568;Byung Suk Lee;;M
130;47;C. Maindreville;INRIA;M
131;829;C. Maria Keet;;M
132;68;Caetano Traina Jr.;USP;M
133;1348;Caio Daoud;UFAM;M
134;1115;Caio Santos;;M
135;642;Calton Pu;Georgia Tech;M
136;555;Carem C. Fabris;;F
137;944;Carina Dorneles;UFSC;F
138;360;Carine Geltrudes Webber;UCS;F
139;5;Carla Maria Dal Sasso-Freitas;UFRGS;F
140;455;Carla Osthoff;LNCC;F
141;1025;Carla Rodrigues;COPPE/UFRJ;F
142;834;Carla V. Ruiz;;F
143;547;Carlo Giovano S. Pires;;M
144;236;Carlo Tau;Universidad Nacional de La Plata;M
145;1364;Carlos A. F. Pimentel Filho;;M
146;20;Carlos A. Heuser;UFRGS;M
147;34;Carlos Alberto Felgueiras;INPE;M
148;1014;Carlos Alessandro Sena;UFAM;M
149;297;Carlos Augusto de Assis Lima;IME;M
150;517;Carlos Bedregal;;M
151;1088;Carlos Caminha;;M
152;1195;Carlos Eduardo M. Moreira;;M
153;784;Carlos Eduardo Pires;UFCG;M
154;1321;Carlos Favacho;;M
155;1326;Carlos Filipe Júnior;;M
156;310;Carlos H. C. Duarte;PUCRJ;M
157;1105;Carlos H. C. Teixeira;;M
158;264;Carlos H. Gomes;UFRJ;M
159;70;Carlos José M. Olguín;UNICAMP;M
160;1220;Carlos Juliano M. Viana;;M
161;59;Carlos Magno da Silva Xavier;IME;M
162;1296;Carlos Roberto Carvalho Oliveira;;M
163;241;Carmen Satie Hara;UNICAMP;M
164;795;Celso A. A. Kaestner;;M
165;1365;Celso Alberto Saibel Santos;;M
166;544;Celso Massaki Hirata;ITA;M
167;335;Celso Roberto Perez;UFRGS;M
168;754;César Feijó Nadvorny;;M
169;504;César S. de Oliveira;;M
170;797;Chinya V. Ravishankar;;M
171;1332;Christian Cesar Bones;ICMC/USP;M
172;739;Christian Mathis;;M
173;951;Christian Middleton;;M
174;294;Christine Collet;UG;F
175;644;Christoph Unbehend;;M
176;464;Christos Faloutsos;;M
177;120;Cirano Iochpe;UFRGS;M
178;282;Ciro de Barros Barbosa;University of Twente;M
179;255;Claduio D'Ipolitto;UFRJ;M
180;235;Clara Smith;Universidad Nacional de La Plata;F
181;31;Claudia Bauzer Medeiros;UNICAMP;F
182;152;Cláudia de A. Tocantins;PUCRJ;F
183;880;Cláudia Ferlin;;F
184;258;Cláudia L. Wener;UFRJ;F
185;321;Cláudia M. A. Cunha;UFPE;F
186;234;Cláudia Pons;Universidad Nacional de La Plata;F
187;204;Claudia Roncancio;Grenoble;F
188;276;Claudiney V. Ramos;UFMG;M
189;483;Cláudio Ananias Ferraz;;M
190;136;Cláudio de Souza Baptista;UFPB;M
191;262;Claudio Degrazia;UFRJ;M
192;292;Cláudio Fernando Resin Geyer;UFRGS;M
193;1421;Claudio Gutiérrez;;M
194;625;Claudio Haruo Yamamoto;;M
195;135;Claudio Luis de Amorim;UFRJ;M
196;242;Cláudio N. F. Trotta;UFRJ;M
197;371;Claudionor A. Nascimento;UFAC;M
198;83;Claudionor Tusco;IME;M
199;1471;Claudivan Cruz Lopes;;M
200;247;Cléber Holstácio de Melo;UFMG;M
201;1323;Cleidson De Souza;;M
202;55;Clênio F. Salviano;Consórcio CTI/BB/Embrapa;M
203;22;Clésio Saraiva Dos Santos;UFRGS;M
204;280;Cléver RIcardo Guareis de Farias;UFSCar;M
205;1338;Clícia Pinto;UFBA;F
206;164;Cora H. F. P. Ribeiro;UFRGS;F
207;457;Cristiana Bentes Seidel;UERJ;F
208;492;Cristiane A. Yaguinuma;UFSCar;F
209;598;Cristiane Amorim Mendes;;F
210;918;Cristiano D. Ferreira;;M
211;1299;Cristina Boeres;UFF;F
212;460;Cristina D. A. Ciferri;USP;F
213;779;Cynthia P. Santiago;;F
214;162;D. Laurent;UPSUD;M
215;1390;Damires Souza;;F
216;410;Damires Yluska de Souza Fernandes;;F
217;717;Daniel A. Furtado;UFU;M
218;606;Daniel Ariosto;;M
219;913;Daniel Carlos Guimarães Pedronette;;M
220;1046;Daniel de Oliveira;COPPE/UFRJ;M
221;1117;Daniel Figueiredo;UFRJ;M
222;838;Daniel Kaster;UEL;M
223;288;Daniel Schwabe;PUCRJ;M
224;305;Daniel. T. Chang;IBM;M
225;734;Daniela Alvarez;;F
226;805;Daniela Pereira;;F
227;17;Danilo Florisi;UFPE;M
228;272;Danilo Montesi;UEA;M
229;42;Dante Augusto Couto Barone;UFRGS;M
230;1316;Danusa Cunha;;F
231;683;Darío Álvarez Gutiérrez;;M
232;1391;David Fernandes de Oliveira;;M
233;1467;David Menotti Gomes;;M
234;750;David Patricio Viscarra del Pozo;;M
235;405;Débora Muchaluat;PUCRJ;F
236;52;Décio Fonseca;UFPE;M
237;275;Denilson Alves Pereira;UFMG;M
238;821;Denilson Sell;;M
239;493;Denio Duarte;;M
240;1190;Denise Brito;UFMG;F
241;1353;Derick M. Oliveira;UFMG;M
242;800;Dhananjay Kulkarni;;M
243;1478;Dimas C. Nascimento;;M
244;339;Diógenes Carvalho Aquino;UFMA;M
245;813;Diogo Mattos;;M
246;882;Diogo R. B. Nascimento;;M
247;798;Diogo Tuler Forlani;;M
248;792;Diorgens Meira;;M
249;442;Diva de Souza e Silva;;F
250;1093;Dorgival Guedes Neto;UFMG;M
251;716;Dorotéa Karine D. Pitombeira;;F
252;1298;Douglas Oliveira;UFF e LNCC;M
253;125;Duncan Dubugras Alcoba Ruiz;UFRGS;M
254;109;E. L. Fávero;UFRGS;M
255;112;E. Peres;UFRGS;M
256;184;E. R. K. Spoor;Vrije Universiteit;M
257;367;Ed Porto Bezerra;UFRJ;M
258;157;Edberto Ferneda;UFPB;M
259;899;Ederson Garcia;;M
260;158;Edilson Ferneda;UFPB;M
261;943;Edimar Manica;UFRGS;M
262;447;Edleno Silva De Moura;UFAM;M
263;923;Edmilson M. Moreira;;M
264;1386;Edmundo R. M. Madeira;;M
265;1208;Edson Alves;;M
266;810;Edson Oliveira;;M
267;1463;Edson R. D. Weren;;M
268;73;Eduardo Bezerra da Silva;;M
269;1233;Eduardo Bruno Silva Lustosa;;M
270;1059;Eduardo Cunha De Almeida;UFPR;M
271;657;Eduardo Delgado Assad;;M
272;382;Eduardo José Soler Mesquita;PWC;M
273;724;Eduardo L. G. Escovar;UFSCar;M
274;925;Eduardo N. Borges;;M
275;684;Eduardo Ogasawara;COPPE/UFRJ e CEFET-RJ;M
276;655;Eduardo R. Hruschka;USP;M
277;646;Eduardo Sany Laber;;M
278;786;Eduardo Terra Morelli;PUCRJ;M
279;852;Eduardo Valle;UNICAMP;M
280;1032;Edward A. Fox;Virginia Tech;M
281;387;Elaine P. Machado;USP;F
282;706;Elaine S. Silva;;F
283;337;Eleri Cardozo;UNICAMP;M
284;806;Eli Cortez C. Vilarinho;UFAM;M
285;1387;Eliane Martins;;F
286;90;Eliane Munerato;Embratel;F
287;168;Eliane Z. V. Dias;CPQD;F
288;554;Elisângela Botelho;;F
289;832;Ellison R. M. Siqueira;;M
290;1015;Elton Serra;UFAM;M
291;325;Elvira M. A. Uchoa;PUCRJ;F
292;768;Elvis Rodrigues da Silva;;M
293;33;Eni Alvim de Oliveira;MCT;M
294;909;Enzo Seraphim;UNIFEI;M
296;539;Eriko Werbet;UNIFOR;M
297;487;Ernesto Cuadros-Vargas;;M
298;318;Esperanza Pedraza;IMAG;F
299;332;Estehr Hochsztain;Universidad de la Republica;F
300;660;Estevam R. Hruschka Jr.;;M
301;149;Esther de Castro Pacitti;UFRJ;F
302;588;Esther Parrini;;F
303;388;Eugênio de Oliveira Simonetto;URCAMP;M
304;726;Evandrino G. Barros;UFMG;M
305;793;Evelin Giuliana Lima;;F
306;322;Eveline R. Sacramento;UFMG;F
307;369;F. A. Baião;UFRJ;M
308;206;F. Brissaud;Grenoble;M
309;248;F. J. Leick;TU Kaiserslautern;M
310;364;F. O. Tavares;UFRJ;M
311;396;F. Pires;UNICAMP;M
312;676;Fabiana Ruas;;F
313;884;Fabiano A. F. Graças;;M
314;1213;Fabiano Belém;;M
315;916;Fabiano C. Botelho;;M
316;289;Fabiano Calixto dos Santos;UFSCar;M
317;1268;Fábio Bezerra;UFRA;M
318;904;Fábio C. M. Ricotta;;M
319;766;Fábio Coutinho;;M
320;748;Fabio Jun Takada Chino;USP;M
321;860;Fabio Kon;;M
322;755;Fábio Luiz Leite Jr.;;M
323;1344;Fabio M. Costa;UFG;M
324;659;Fábio Meira de Oliveira Dias;;M
325;167;Fábio Porto;PUCRJ;M
326;502;Fabiola S. F. Pereira;UFU;M
327;928;Fabrício Benevenuto;UFMG;M
328;778;Fabrício Lemos;;M
329;122;Farid Nourani;UNICAMP;M
330;196;Fausto V. Maranhão Ayres;PUCRJ;M
331;506;Fekade Getahun;;M
332;850;Felipe Hoppe Levin;;M
333;948;Fernanda Lígia R. Lopes;;F
334;151;Fernanda Lima;UFRJ;F
335;1293;Fernando Campello;;M
336;920;Fernando Cardoso;;M
337;737;Fernando Cordeiro Lemos;UFC;M
338;355;Fernando da Fonseca de Souza;UFPE;M
339;269;Fernando de Ferreira Rezende;UNIKL;M
340;311;Fernando Fonseca;UFPE;M
341;851;Fernando Morgado;;M
342;847;Fernando Mourão;UFMG;M
343;941;Filipe Arcanjo;UFMG;M
344;811;Filipe de Sá Mesquita;;M
345;690;Flavia Cardoso de Almeida Cruz;;F
346;1289;Flavio Costa;UFRJ;M
347;565;Flávio Freitas;;M
348;497;Flávio R. C. Sousa;UFC;M
349;463;Flávio R. da Silva;;M
350;40;Flávio Rech Wagner;UFRGS;M
351;316;Francisca Antunes;IMAG;F
352;722;Francisco A. R. Barbosa;;M
353;24;Francisco Gonçalves Pereira Neto;IME;M
354;693;Francisco Ortín Soler;;M
355;639;Franklin Ramalho;;M
356;357;Fred Monteiro da Cruz Filho;UFPE;M
357;46;G. Kieman;INRIA;M
358;92;G. Lopez Uhalde;UNLP;M
359;91;G. Rossi;UNLP;M
360;744;Gabriel André D. Dubois Brito;;M
361;232;Gabriel Baum;Universidad Nacional de La Plata;M
362;1358;Gabriel Silva Gonçalves;;M
363;1295;Gabriel Tessarolli;;M
364;1462;Gabriel V. De Pierro;;M
365;77;Gabriela Ferreira Drumond;UFPB;F
366;610;Gabriela Ruberg;UFRJ;F
367;78;Galeno J. de Sena;FEG;M
368;231;Gene Block;USC;M
369;572;Genelice da Costa Pereira;;F
370;220;Geneviève Jomier;Université Paris IX;M
371;384;George H. A. Costa;IME;M
372;340;George Marconi de Araújo Lima;UFBA;M
374;134;Geovane Cayres Magalhães;UNICAMP;M
375;392;Geraldo B. Xexéo;UFRJ;M
376;328;Geraldo Zimbrão da Silva;UFRJ;M
377;1120;Gerhard Wohlgenannt;;M
378;1060;Gerson Sunyé;Université de Nantes;M
379;1028;Giancarlo Guizzardi;UFES;M
380;9;Gilberto Câmara Neto;MCT;M
381;600;Gilberto Ribeiro de Queiroz;;M
382;893;Gilson Pereira dos Santos Jr.;;M
383;680;Gisele Busichia;;F
384;844;Gisele L. Pappa;UFMG;F
385;50;Giuseppe Mongiovi;UFPB;M
386;757;Glenda Carla Moura Amaral;;F
387;553;Gonzalo Navarro;;M
388;1475;Gordana Pavlovic-Lazetic;;M
389;10;Guaraci José Erthal;INPE;M
390;403;Guido L. de Souza Filho;UFRN;M
391;1327;Guilherme Ferreira;;M
392;942;Guilherme Figueiredo;;M
393;263;Guilherme H. Travassos;UFRJ;M
394;1303;Guilherme Medeiros Machado;;M
395;350;Guilherme Tavares de Assis;UFMG;M
396;898;Guilherme Vale Menezes;;M
397;347;Gustavo C. G. Mendonça;UFMG;M
398;1108;Gustavo Campos;;M
399;413;Gustavo Kantorski;UFRGS;M
400;550;Gustavo Menezes Siqueira;UFMG;M
401;224;Gustavo Miranda Araújo;IME;M
402;104;H. R. Rohenkohi;UFRGS;M
403;458;Hager Kammoun;;M
405;1351;Harley Michel Wagner;UFSC;M
406;259;Hélcio Blum;UFRJ;M
407;731;Helena Galhardas;;F
408;222;Helena Grazziotin;UFRGS;F
409;3;Helga I. M. Hartelt;UNICAMP;F
410;1092;Hélio Almeida;;M
411;667;Hélio Lopes dos Santos;;M
412;698;Helio Rubens Soares;;M
413;876;Helves Humberto Domingues;;M
414;922;Hendrickson R. Langbehn;UFMG;M
415;446;Henrique Andrade;University of Maryland;M
416;564;Henrique Madeira;;M
417;81;Henrique Nou Schneider;UNICAMP;M
418;503;Heraldo J. A. Carneiro Filho;;M
419;333;Hermann Steffen;Universidad de la Republica;M
420;559;Hermes R. Freitas-Junior;Akwan;M
421;885;Herminio Camargo de Souza Junior;;M
422;1001;Holger Schwarz;University of Stuttgart;M
423;202;Hugo B. Ramos;Université Montpellier;M
424;545;Hugo S. Santos;;M
425;631;Hui Ma;;F
426;490;Humberto L. Razente;UFU;M
427;839;Humberto Mossri de Almeida;UFMG;M
428;605;Humberto Vieira;;M
429;397;Ilmério R. da Silva;UFMG;M
430;647;Ioana Manolescu;;F
431;1006;Ires Dias;USP;M
432;48;Isaac Douglas Moreira;UFBa;M
433;1407;Isabel Cristina Italiano;;F
434;1206;Itamar Hata;;M
435;1114;Iury Nunes;;M
436;41;Ivan José Morschel;UFRGS;M
437;7;Ivan L. M. Ricarte;UNICAMP;M
438;166;Ivan Mistrik;GMD;M
439;905;Ivanildo J. de S. Aquino;;M
440;1459;Ives Rene Venturini Pola;;M
441;99;J. A. Paiva;MCT;M
442;368;J. A. Soares;UFRJ;M
443;435;Jacques Ducloy;;M
444;653;Jacques Robin;;M
445;1091;Jacques Wainer;;M
446;1210;Jaelson Castro;;M
447;88;Jan Frans Willem Slaets;USP;M
448;11;Jano Moreira Souza;UFRJ;M
449;306;Javam C. Machado;UFC;M
450;729;Jean W. A. Oliveira;;M
451;467;Jean-Charles Lamirel;;M
452;861;Jean-Paul Calbimonte;;M
453;1473;Jelena Graovac;;F
454;129;Jessica Barros de Sá;UFPE;F
455;603;Joachim Hammer;;M
456;1334;João B. Rocha-Junior;UEFS;M
457;291;João Batista de Abreu Campos;UFRGS;M
458;1307;Joao Carlos Da Silva;;M
459;375;João Carlos Damasco Lima;UFRGS;M
460;1041;João Carlos P. Silva;UFRJ;M
461;279;João Eduardo Ferreira;UNESP;M
462;863;João Luiz Moreira;;M
463;174;João M. B. Cavalcanti;UFAM;M
464;583;João Marcelo Azevedo Arcoverde;;M
465;434;João N. de Souza;UFU;M
466;708;João Pascoal Faria;;M
467;1333;João Paulo Dias de Almeida;UEFS;M
468;1465;João Paulo Pordeus;;M
469;703;João Pavão Martins;;M
470;709;João Pereira;;M
471;940;João R. de M. Palotti;;M
472;450;Joaquim Cezar Felipe;;M
473;530;Joe Tekli;Lebanese American University (LAU);M
474;478;Joel da Silva;UFPE;M
475;428;Joel H. Saltz;Stony Brook University;M
476;1116;Jordão Ezequiel;;M
477;1197;Jorge Augusto Meira;UFPR;M
478;1422;Jorge Pérez;;M
479;160;José A. T. Messias;UFOP;M
480;72;José Alexandre Novaes Bicalho;Telebrás;M
481;623;José Amilton Moura Acioli Filho;;M
482;574;José Antônio F. De Macêdo;UFC;M
483;771;José Craveiro da Costa Neto;;M
484;1232;Jose de Aguiar Moraes Filho;;M
485;198;José de Jesus Pérez Alcazar;PUCRJ;M
486;889;José Everardo Bessa Maia;;M
487;1416;José Fernando Rodrigues Jr.;;M
488;907;Jose Guilherme Monteiro de Menezes;;M
489;85;José Hamurabi N. Medeiros;UFBP;M
490;84;José Laurindo Campos dos Santos;MCT;M
491;788;José Leomar Todesco;;M
492;74;José Luís Braga;UFV;M
493;1043;Jose Macedo;UFC;M
494;415;José Maria Monteiro;UFC;M
495;1;José Mauro Volkmer de Castilho;UFRGS;M
496;126;José Palazzo M. De Oliveira;UFRGS;M
497;380;José R. Argüello;UCR;M
498;287;José Renato L. Milet;PUCRJ;M
499;681;José Roberto de Freitas Boullosa;;M
500;170;José S. Bevilaqua;UFRJ;M
501;147;José Sergio Antunes Sette;UFPE;M
502;226;José Valdeni de Lima;UFRGS;M
503;29;Joseluce de Farias Cunha;UFPB;M
504;591;Joseph Wilson;;M
505;349;Josiel M. de Figueiredo;UFSCar;M
506;480;Joubert de Castro Lima;UFOP;M
507;1474;Jovana J. Kovacevic;;F
508;207;J-P. Giraudin;Grenoble;M
509;61;J-Pierre Cheiney;ENST;M
510;1423;Juan L. Reutter;;M
511;707;Juan Manuel Cueva Lovelle;;M
512;145;Jugurta Lisboa Filho;UFRJ;M
513;886;Juliana Bonato dos Santos;;F
514;482;Juliana Freire;New York University;F
515;664;Juliano Brito da Justa Neves;UFSCar;M
516;214;Juliano Lopes de Oliveira;UNICAMP;M
517;816;Juliano Palmieri Lage;;M
518;701;Juliano Varella de Carvalho;;M
519;1313;Juliete Ramos Da Costa;;F
520;1231;Júlio A. Tavares;;M
521;802;Júlio C. Nievola;;M
522;867;Jurandir Zullo Jr.;;M
523;933;Jurandy Almeida;UNICAMP;F
524;927;Jussara M. Almeida;UFMG;F
525;87;Karin Becker;UFRGS;F
526;510;Karin Koogan Breitman;;F
527;756;Karina Silveira Santos;;F
528;454;Karine de Góes Louly;;F
529;615;Karine Reis Ferreira;;F
530;573;Karine V. Magalhães;;F
531;191;Karl Rösch;Universität Karlsruhe;M
532;715;Karla A. V. Borges;;F
533;1147;Kary A. C. S. Ocaña;UFRJ;F
534;1302;Kary Ocana;;F
535;830;Katia C. L. Santos;;F
536;780;Katy C. P. Magalhães;;F
537;831;Kelli de Faria Cordeiro;;F
538;1101;Kelly Rosa Braghetto;IME-USP;F
539;344;Ken Barker;UM;M
540;654;Klaus-Dieter Schewe;SCCH;M
541;524;Klessius Berlt;UFAM;M
542;541;Kokou Yétongnon;;M
543;110;L. A. Ritcher;UFRGS;M
544;205;L. O. Alvares;UFRGS;M
545;261;Laécio C. B. Gonçalves;UFRJ;M
546;1336;Laís M. A. Rocha;UFMG;F
547;579;Lamarque Vieira Souza;;M
548;704;Lawrence Z. Klein;;M
549;1111;Leandro Balby Marinho;UFCG;M
550;892;Leandro Krug Wives;;M
551;1214;Leandro Soares;;M
552;472;Leejay Wu;;M
553;749;Lena Veiga e Silva;;F
554;71;Léo Pini Magalhães;UNICAMP;M
555;513;Leonardo Andrade Ribeiro;UFG;M
556;451;Leonardo Azevedo;UNIRIO;M
557;857;Leonardo C. da Rocha;UFSJ;M
558;267;Leonardo de Araújo;UFRJ;M
559;673;Leonardo Figueiredo Cardoso;;M
560;921;Leonardo Moreira;UFC;M
561;1064;Leonardo Murta;UFF;M
562;1314;Leonardo Sápiras;;M
563;6;Lia Goldstein Goledziner;UFRGS;F
564;1347;Lidia Lizziane Carvalho;UFAM;F
565;741;Ligiane A. de Souza;;F
566;881;Lile Hattori;;F
567;252;Liliane Leopoldina d'Oliveira;CPqD;M
568;148;Lin Tse Min;UFPE;M
569;662;Linair Campos;CISI/COPPE/UFRJ;F
570;713;Lineu Santos;;M
571;669;Ling Liu;;F
572;1413;Lívia A. Cruz;;F
573;1161;Loïc Cerf;UFMG;M
574;178;Lorenzo F. G. G. M. Ridolfi;PUCRJ;M
575;1420;Loreto Bravo;;M
576;1357;Lucas Cunha;;M
577;1464;Lucas Mizusaki;;M
578;352;Lucian Popa;UP;M
579;862;Luciana A. S. Romani;EMBRAPA;F
580;1320;Luciana B. Maroun;UFMG;F
581;390;Luciana M. L. Mendonça;UFMG;F
582;128;Luciani Freitas de Araújo;IME;F
583;747;Luciano Barbosa;;M
584;807;Luciano C. Liduário;;M
585;82;Luciano R. S. de Lima;UFMG;M
586;1406;Luciano V. Araújo;;M
587;1466;Luciano Vilas Boas Esperidião;;M
588;1403;Lucídio Formiga Cabral;;M
589;1005;Lúcio Fernandes Dutra Santos;USP;M
590;102;Luigino Ítalo Palermo;UFRJ;M
591;901;Luís Alfredo V. de Carvalho;;M
592;124;Luís Eduardo Saraiva Câmara;UFPE;M
593;402;Luis Fernando G. Soares;PUCRJ;M
594;342;Luis M. del Val Cura;UNICAMP;M
595;35;Luiz Alberto Vieira Dias;INPE;M
596;361;Luiz Antônio Vivacqua Corrêa Meyer;UFRJ;M
597;300;Luiz Camolesi Junior;USP São Carlos;M
598;144;Luiz Carlos Montez Monte;UFRJ;M
599;1193;Luiz Carvalho;;M
600;408;Luiz Eduardo Buzato;UNICAMP;M
601;939;Luiz H. C. Merschmann;UFOP;M
602;854;Luiz Osvaldo Evangelista;;M
603;38;Luiz Tucherman;IBM;M
604;395;M. A. Vaz Salles;UNICAMP;M
605;1424;M. Andrea Rodríguez;;
606;187;M. Boogaard;Vrije Universiteit;M
607;365;M. Duran;UFRJ;M
608;161;M. Halfeld Ferrari Alves;UFPR;M
609;274;M. M. Fonkam;UFMA;M
610;98;M. O. B. Oliveira;INPE;M
611;21;M. R. Bastos;UFRGS;M
612;108;M. S. Pimenta;UFRGS;M
613;4;Magalí T. Longhi;UFRGS;F
614;1181;Manoel Siqueira;UFC;M
615;1095;Marcela Macedo Vieira;;F
616;1100;Marcela O. Garcia;;F
617;1012;Marcela Pessoa;UFAM/FUCAPI;F
618;936;Marcela X. Ribeiro;UFSCar;F
619;1418;Marcelo Arenas;;M
620;266;Marcelo B. Ribeiro;UFRJ;M
621;331;Marcelo Dreuz;PUCRJ;M
622;301;Marcelo Finger;USP;M
623;1362;Marcelo G. Manzato;;M
624;284;Marcelo Gattas;PUCRJ;M
625;769;Marcelo Meirelles;;M
626;200;Marcelo P. C. Duarte;PUCRJ;M
627;250;Marcelo Short Soares;IME;M
628;645;Marcelo T. M. de Carvalho;PUCRJ;M
629;1009;Marcelo Teixeira;UFSC;M
630;1045;Marcelo Tilio;PUCRJ;M
631;421;Márcia A. Fernandes;;M
632;188;Márcia Jacobina Andrade;UNICAMP;F
633;894;Marcília A. Campos;;F
634;592;Márcio Aurélio Ribeiro Moreira;;M
635;430;Márcio de Carvalho;UFMG;M
636;401;Márcio Farias Souza;UFPB;M
637;1408;Marcio K. Oikawa;;M
638;789;Marcio Napoli;;M
639;1297;Márcio Tadeu Oliveira Júnior;;M
640;730;Marcirio Silveira Chaves;;M
641;37;Marco A. Casanova;PUCRJ;M
642;244;Marco Antônio Mortari Rezende;PUCRJ;M
643;407;Marco Aurélio M. de Oliveira;UNICAMP;M
644;511;Marco Cristo;UFAM;M
645;225;Marco Eduardo Molina Bustamante;UFRGS;M
646;354;Marco Toranzo Céspedes;UFPE;M
647;1216;Marco Tulio Ribeiro;;M
648;525;Marcos A. Gonçalves;UFMG;M
649;243;Marcos Aurélio de Carvalho Macêdo;UFPE;M
650;193;Marcos B. David;UFPB;M
651;1342;Marcos Barreto;UFBA;M
652;1318;Marcos Broinizi;;M
653;1199;Marcos Didonet Del Fabro;;M
654;1029;Marcos Goncalves;UFMG;M
655;596;Marcos R. S. Borges;;M
656;652;Marcos R. Vieira;UFMG;M
657;1469;Marcos Vinicius Naves Bedo;;M
658;1461;Marcus Albert Alves da Silva;;M
659;49;Marcus Costa Sampaio;UFPB;M
660;286;Margareth H. Dunham;SMU;F
661;326;Margareth Prevot da Silva;PUCRJ;F
662;448;Maria Amélia Pacheco e Silva;;F
663;260;Maria Antonieta Rossatto;UFRJ;F
664;121;Maria Aparecida Castro Livi;UFRGS;F
665;341;Maria Beatriz F. de Toledo;UNICAMP;F
666;537;Maria Camila N. Barioni;UFU;F
667;1389;Maria Cecília Calani Baranauskas;;F
668;489;Maria Cláudia Cavalcanti;IME;F
669;661;Maria da Conceição Moraes Batista;;F
670;182;Maria de Fátima Q. V. Turnell;UFPB;F
671;303;Maria Elizabeth Sucupira Furtado;UFPB;F
672;416;Maria Helena Lima Baptista Braz;;F
673;127;Maria Inês Pereira de Almeida;UFMG;F
674;194;Maria Júlia D. Lima;IBM;F
675;323;Maria L. B. Perkusich;UFPB;F
676;385;Maria L. M. Campos;UFRJ;F
677;412;Maria Ribera Sancho i Samsó;;F
678;1306;Mariana Ramada;;F
679;1201;Mariana Tasca;;F
680;848;Mariângela Cherchiglia;;F
681;66;Marianne Winslett;University of Illinois;F
682;299;Mariano Cilia;UNICAMP;M
683;383;Mariano Nicolao;UFRGS;M
684;192;Marie Christine Fauvet;University of Grenoble;F
685;290;Marilde Terezinha Prado Santos;USP;F
686;400;Marilene A. Noronha;UFRGS;F
687;97;Marina Teresa Pires Vieira;UNIMEP;F
688;285;Mário A. Nascimento;SMU;M
689;649;Mario H. Estolano;;M
690;727;Mário J. Silva;UTL;M
691;197;Mário Lacerda;PUCRJ;M
692;1097;Mário Sergio da Silva;;M
693;295;Marisa Marques;PUCRJ;F
694;817;Maristela Holanda;;F
695;777;Markus Kirchberg;;M
696;738;Markus Wagner;;M
697;12;Marta Lima de Queirós Mattoso;COPPE/UFRJ;F
698;1121;Marta Sabou;;F
699;190;Martin Dürr;Universität Karlsruhe;M
700;705;Masahiko Tsukamoto;;M
701;1324;Mateus Barcellos Costa;;M
702;636;Matheus Wildemberg;;M
703;203;Mauricio Lopez;Grenoble;M
704;561;Mauricio Onoda;;M
705;283;Maurício Riguette Mediano;PUCRJ;M
706;195;Mauricio Roma Cavalcanti;PUCRJ;M
707;227;Mauro Biajiz;USP São Carlos;M
708;1013;Mauro Herrera;UFAM;M
709;672;Melise M. Veiga de Paula;;F
710;787;Melissa Lemos;;F
711;865;Melissa Paes;;F
712;671;Mengchi Liu;;M
713;595;Michael Lanham;;M
714;1098;Michael Mireku Kwakye;;M
715;712;Michael Peter Haustein;University of Kaiserslautern;M
716;308;Michel Adiba;Grenoble;M
717;562;Michele Missikoff;;F
718;422;Michelle de Oliveira Cardoso;;F
719;619;Michelle Sá;;F
720;1038;Miguel Carvalho;UFRJ;M
721;762;Miguel Costa;;M
722;223;Miguel Rodrigues Fornari;UFRGS;M
723;119;Milton R. Ramirez;UFRJ;M
724;64;Mirela G. Casado;UFPE;F
725;499;Mirella M. Moro;UFMG;F
726;36;Miriam Liberman;UFRGS;F
727;529;Miriam Oliveira dos Santos;;F
728;570;Mohamed Ally Peerbocus;;M
729;338;Mohamed Mohsen Gammoudi;UFMA;M
730;536;Mohammed J. Zaki;Rensselaer Polytechnic Institute (RPI);M
731;855;Moisés G. de Carvalho;UFMG;M
732;159;Mokrane Bouzeghoub;UVSQ;M
733;67;Mônica Bandeira;UFPE;F
734;89;Mônica de Lima Nogueira;UNICAMP;F
735;935;Mônica Ribeiro Porto Ferreira;USP;F
736;879;Murilo Rebelo Pontes;;M
737;386;Myryan R. B. Araújo;ICMC-USP;F
738;358;N. Boudjlida;UHP;M
739;111;N. L. Knauth;UFRGS;M
740;163;N. Spyratos;UPSUD;M
741;1330;Nádia Kozievitch;UTFPR;F
742;377;Nan Zhang;UK;M
743;216;Nara Bigolin;UFRGS;F
744;1349;Natália Cristina Schneider;UFLA;F
745;551;Nelson F. F. Ebecken;UFRJ;M
746;218;Nelson Mendonça Mattos;UFRGS;M
747;934;Neucimar J. Leite;UNICAMP;M
748;273;Nhan Le Thann;Nice;F
749;585;Nicolaas Ruberg;UFRJ;M
750;155;Nicole Bidoit;Université Paris XIII;F
751;199;Nilson Luís Damasceno;PUCRJ;M
752;773;Nilton Cézar de Paula;;M
753;245;Nina Edelweiss;UFRGS;M
754;117;Nívio Ziviani;Universidade Federal de Minas Gerais;M
755;1102;Nuno M. F. Gonçalves;;M
756;520;Nyara A. Silva;;F
757;105;O. A. Abib;IME;M
758;359;O. Perrin;UHP;M
759;25;Odair Fernandes Aguiar Filho;IME;M
760;833;Odilon Queiroz;;M
761;146;Olga Maria Lopes Miranda;UFPE;F
762;641;Olga Regina Fradico de Oliveira;;F
763;602;Orlando Miguel Vivan;;M
764;1211;Oscar Pastor;;M
765;640;Osmar R. Zaïane;;M
766;69;Osvaldo Kotaro Takai;USP São Carlos;M
767;1410;Osvaldo Matos-Junior;;M
768;53;Otaviano C. W. Neto;UFPE;M
769;949;Otávio D. A. Alcântara;;M
770;228;Oziride Manzoli Neto;USP São Carlos;M
771;101;P. T. F. Siqueira;Promon Engenharia;M
772;815;Pablo A. Roberto;;M
773;1419;Pablo Barceló;;M
774;1010;Pablo Sabadin Chaves;Dueto Tecnologia;M
775;689;Paisarn Trakulsuk;;M
776;609;Paôla Cristina Gelatti;;M
777;714;Paolo Capitani;;M
778;718;Paolo Ciaccia;;M
779;118;Patrícia Auler;UFRJ;F
780;1400;Patricia Correia Saraiva;;F
781;873;Patrícia Fiuza;;F
782;18;Patrícia Gomes Soares;UFPE;F
783;710;Patrícia Martins;;M
784;445;Patrícia Nogueira Hubler;;M
785;736;Patrícia Silva Peres;;M
786;130;Patrick Pfeffer;University of Colorado;M
787;44;Patrick Valduriez;INRIA;M
788;131;Paulo Augusto dos Santos;UFPa;M
789;419;Paulo Braz Golgher;;M
790;1036;Paulo C. Barbosa Fernandes;UFES;M
791;869;Paulo Caetano da Silva;Banco Central do Brasil;M
792;298;Paulo Cesar Ferreira;IME;M
793;132;Paulo Cesar Masiero;USP São Carlos;M
794;268;Paulo de Figeureido Pires;UFRJ;M
795;1328;Paulo Henrique dos Santos;UTFPR;M
796;501;Paulo Igor Alves Godinho;;M
797;271;Paulo J. Azevedo;UM;M
798;725;Paulo J. F. Carreira;;M
799;1218;Paulo Orlando Queiroz-Sousa;;M
800;607;Pável Calado;UFMG;M
801;556;Pedro Bizarro;;M
802;628;Pedro Furtado;;M
803;803;Pedro Gabriel Ferreira;;M
804;1016;Pedro Guerra;UFMG;M
805;836;Pedro Henrique Bugatti;;M
806;1109;Pedro Holanda;PUCMG;M
807;1409;Pedro L. Takecian;;M
808;28;Pedro Manoel Silveira;UFRJ;M
809;1340;Pedro Melo;UFBA;M
810;394;Pedro R. Falcone Sampaio;UM;M
811;183;Pedro Sérgio Nicolletti;UFPB;M
812;302;Peter McBrien;KCL;M
813;1000;Peter Reimann;University of Stuttgart;M
814;1065;Péterson S. Procópio Jr;UFMG;M
815;1023;Petrina A. S. Kimura;UFAM;F
816;320;Philippe Picouet;ENST;M
817;781;Plácido Marinho Dias;;M
818;1308;Plinio Leitao-Junior;;M
819;1224;Priscila P. Coltri;;F
820;113;R. Arnold;UFRGS;M
821;94;R. Bernardo;UNLP;M
822;186;R. J. Buitendijk;Vrije Universiteit;M
823;185;R. J. Veldwijk;Vrije Universiteit;M
824;14;R. Sanches;UFPE;M
825;107;R. T. Price;UFRGS;M
826;887;Rafael Castañeda;;M
827;516;Rafael Fonseca;;M
828;1033;Rafael Pereira;UFF;M
829;217;Rafael Port da Rocha;UFRGS;M
830;1322;Rafael Souza;;M
831;133;Rafles Frausino Pereira;Telebrás;M
832;86;Raimundo Haroldo do C. Catunda;UFPB;M
833;932;Ramesh Pinnamaneni;Utah;M
834;688;Raul Moreira Vidal;;M
835;759;Raul Ruggia;;M
836;239;Regina C. Ruschel;UNICAMP;M
837;60;Regina Motz;UFPE;F
838;399;Renata de Matos Galante;UFRGS;F
839;663;Renata Ferreira Lisboa Moura;;F
840;622;Renata Maria de Figueiredo Vilas Boas;;F
841;1037;Renata S. S. Guizzardi;UFES;F
842;1217;Renato Assunção;UFMG;M
843;563;Renato Bueno;UFSCAR;M
844;389;Renato Campos Mauro;UFRJ;M
845;635;Renato Fileto;;M
846;1219;Renato Javier M. Mogrovejo;;M
847;406;Renato O. Stehling;UNICAMP;M
848;327;Renato Vagner Corrêa;UFSCar;M
849;557;Ricardo A. Baeza-Yates;Yahoo! Research;M
850;424;Ricardo Bianchini;;M
851;608;Ricardo Cartaxo Modesto de Souza;;M
852;900;Ricardo Choren;;M
853;824;Ricardo da Silva Torres;UNICAMP;M
854;1027;Ricardo de Almeida Falbo;UFES;M
855;215;Ricardo de Oliveira;UNICAMP;M
856;500;Ricardo G. Cota;UFMG;M
857;1198;Ricardo Gonçalves Coelho;;M
858;438;Ricardo R. Ciferri;UFSCar;M
859;790;Ricardo Vasconcelos;;M
860;732;Ricardo Wagner C. Brito;;M
861;515;Richard Chbeir;Bourgogne Univesity;M
862;172;Richard Muntz;UC;M
863;277;Rildo Ribeiro dos Santos;UNESP-S;M
864;558;Robert R. Snapp;;M
865;189;Roberta Souza Almeida;UFRGS;F
866;142;Roberto C. da Silva;BANESPA;M
867;808;Roberto Carlos dos Santos Pacheco;;M
868;1329;Roberto Cesar Betini;UTFPR;M
869;13;Roberto de Queirós Mattoso;URFJ;M
870;56;Roberto Machado;Consórcio CTI/BB/Embrapa;M
871;265;Roberto Mattoso Jr.;UFRJ;M
872;809;Roberto Oliveira dos Santos;;M
873;1227;Roberto Panerai Velloso;;M
874;471;Roberto Reis Monteiro Neto;;M
875;629;Roberto Souto Maior de Barros;;M
876;1354;Roberto Souza;UFMG;M
877;1339;Robespierre Pita;UFBA;M
878;484;Robson do Nascimento Fidalgo;UFPE;M
879;723;Robson L. F. Cordeiro;USP;M
880;437;Rodolfo F. Resende;UFMG;M
881;1203;Rodrigo C. Barros;;M
882;621;Rodrigo C. Vieira;;M
883;494;Rodrigo Cordeirodos Santos;;M
884;945;Rodrigo Costa Mateus;UFPE;M
885;575;Rodrigo de Freitas Vale;Akwan;M
886;1021;Rodrigo de Sousa Gomide;IF Goiano;M
887;801;Rodrigo F. Borges;;M
888;794;Rodrigo Machado;;M
889;630;Rodrigo Miranda;;M
890;346;Rodrigo O. R. Antunes;UFMG;M
891;1226;Rodrigo Rocha Silva;;M
892;426;Rodrigo Salvador Monteiro;;M
893;576;Rodrigo Tôrres Assumpção;;M
894;488;Rodrygo L. T. Santos;UFMG;M
895;404;Rogério F. Rodrigues;PUCRJ;M
896;1309;Rogers Mendonça;;M
897;548;Ron Musick;;M
898;329;Ronaldo dos Santos Mello;UFRGS;M
899;820;Ronaldo Menezes;;M
900;476;Ronaldo P. Silva;;M
901;509;Ronaldo R. Goldschmidt;IME;M
902;80;Rosa Candida Cavalcanti Pinto;UFPE;F
903;95;Rosalie Barreto Belian;UFPE;F
904;79;Rosana de Saldanha da Gama Lanzelotte;PUCRJ;F
905;670;Rosana L. de B. A. Rocha;;F
906;522;Rossana M. C. Andrade;UFC;F
907;76;Rubens Nascimento Melo;PUCRJ;M
908;1363;Rudinei Goularte;;M
909;32;Rudnei Dias da Cunha;UFRGS;M
910;345;Rui Gureghian Scarinci;UFRGS;M
911;240;S. Loh;UFRGS;M
912;93;S. Manganiello;UNLP;M
913;1460;Safia Brinis;;
914;1341;Samila Sena;UFBA;F
915;154;Sandra De Amo;UFU;F
916;393;Sandra F. Mendes Sampaio;UFC;F
917;169;Sandra L. A. F. Granado;CPQD;F
918;459;Sandro Danilo Gatti;;M
919;1223;Santiago Augusto Nunes;;M
920;1215;Sara Guimarães;;F
921;1119;Sascha Saretz;;F
922;926;Saulo M. R. Ricci;UFMG;M
923;444;Sean W. M. Siqueira;;M
924;1118;Sebastian Lehrack;;M
925;774;Sebastian Link;;M
926;1212;Sérgio Canuto;UFMG;M
927;1209;Sergio España;;M
928;796;Sergio Fialho;;M
929;746;Sergio L. S. Mergen;;M
930;319;Sérgio Lifschitz;PUCRJ;M
931;634;Sérgio Manuel Serra da Cruz;;M
932;1310;Sérgio Serra;;M
933;229;Shahram Ghandeharizadeh;USC;M
934;175;Shalab Goel;PU;M
935;317;Shankant B. Navathe;GAtech;M
936;381;Sharma Chakravarthy;UFL;F
937;699;Shojiro Nishio;;M
938;150;Sidney Dias da Silva;PUCRJ;M
939;233;Silvia Gordão;Universidad Nacional de La Plata;F
940;179;Silvio Jablonski;PUCRJ;M
941;468;Silvio Siqueira Cortez;;M
942;473;Simone Diniz Junqueira Barbosa;;F
943;348;Simone Nunes Ferreira;PUCRS;F
944;156;Slimane Hammoudi;UFMA;M
945;512;Solomon Atnafu;;F
946;313;Sonia Fernandes;UFPB;F
947;15;Sonia Schechtman Sette;UFPE;F
948;1405;Sreenivasa Kumar Puligundla;;
949;627;Srinivasan Parthasarathy;;M
950;1472;Stan Matwin;;
951;637;Stanley Oliveira;University of Ualberta;M
952;219;Stefan Dessloch;UFRGS;M
953;930;Stefan Gindl;MODUL;M
954;785;Sueli de Fatima Poppi Borba;;F
955;351;Susan B. Davidson;UP;F
956;775;Sven Hartmann;;M
957;19;T. C. S. Melo;UFPE;M
958;363;T. S. Brügger;UFRJ;M
959;700;Takahiro Hara;;M
960;891;Tales Benigno Matos;;M
961;1099;Tales Machado;;M
962;864;Tanara Lauschner;;F
963;485;Tarcisio G. Clemente;;M
964;432;Tatiana A. S. Coelho;UFMG;F
965;578;Terence Critchlow;;M
966;254;Tereza de Aguiar;UFRJ;F
967;1229;Thales Costa;;M
968;1325;Thanner Soares Silva;;
969;902;Thatyana de F. P. Seraphim;UNIFEI;F
970;270;Theo Härder;UK;M
971;1343;Thiago Borges de Oliveira;UFG;M
972;895;Thiago C. Porto;UFMG;M
973;1019;Thiago Cardoso;UFMG;M
974;1202;Thiago Ferreira Covões;;M
975;518;Thiago Galbiatti Vespa;;M
976;946;Thiago L. L. Siqueira;CEFET-SP;M
977;1477;Thiago Pereira da Nobrega;;M
978;853;Thiago Salles;UFMG;M
979;1335;Thiago Silva;UFMG;M
980;910;Thiago T. Seixas;;M
981;514;Thierson Couto;UFMG;M
982;1480;Thomas Cerqueus;;M
983;1112;Thomas Sandholm;;M
984;586;Tiago Adriano de Knegt López de Prado;;M
985;1476;Tiago Brasileiro Araújo;;M
986;1479;Tiago Rodrigo Kepe;;M
987;1360;Tiago Rodrigues;;M
988;1204;Tiago S. da Silva;;M
989;376;Tiziana Catarci;Uniroma1;F
990;30;Ulrich Schiel;UFPB;M
991;1031;Uma Murthy;Virginia Tech;
992;100;V. W. Setzer;USP;M
993;1345;Vagner J. do Sacramento Rodrigues;UFG;M
994;720;Valdiana da Silva Araujo;;F
995;330;Valéria Cesário Times;UFPE;F
996;427;Valéria Magalhães Pequeno;;F
997;479;Vanessa Braganholo;UFF;F
998;569;Vania Bogorny;;F
999;599;Vânia Jesus de Araújo Soares Borges;;F
1000;1179;Vânia Maria Ponte Vidal;UFC;F
1001;1089;Vasco Furtado;;M
1002;230;Vera Choi;USC;F
1003;814;Vera Lucia M. Falquete;;F
1004;767;Verónika Peralta;;F
1005;208;Vicente de Paula Teixeira;UFMG;M
1006;181;Vicente M. Moreira Júnior;UFPB;M
1007;695;Vichit Avatchanakor;;F
1008;552;Victor Teixeira de Almeida;;F
1010;201;Vincent Oria;ENST;M
1011;1018;Virgilio Almeida;UFMG;M
1012;57;Virgínia P. C. P. da Luz;Consórcio CTI/BB/Embrapa;F
1013;1301;Vitor Neves;;M
1014;1020;Vitor Oliveira;UFMG;M
1015;1304;Vitor Silva;;M
1016;1040;Vivian S. Silva;Isban - Grupo Santander;F
1017;692;Viviane Moreira;UFRGS;F
1018;906;Viviane Moreira Orengo;;F
1019;903;Vivianne Medeiros;;F
1021;439;Wagner Meira Jr.;UFMG;M
1022;58;Wagner R. de Martino;Consórcio CTI/BB/Embrapa;M
1023;531;Waldecir Pereira Junior;;M
1024;414;Walter Adel Leite Pereira;;M
1025;281;Wanderley Lopes de Souza;UFSCar;M
1026;915;Weiguo Fan;;M
1027;1300;Wellington Moreira de Oliveira;;M
1028;613;Werner Kießling;Augsburg Univesity;M
1029;1008;Willian D. Oliveira;USP;M
1030;761;Windson V. Carvalho;;M
1031;221;Wojciech Cellary;Technical University of Poznan;M
1032;373;WolfGang Benn;TUCZ;M
1033;648;Wolf-Tilo Balke;;M
1034;666;Xiaofei Jia;;M
1035;372;Yangjun Chen;TUCZ;M
1036;678;Yolanda Larraona;;F
1037;1200;Yves Le Traon;University of Luxembourg;M
1038;96;Zanoni Carvalho da Silva;UFPE;M
1039;782;Zoubida Kedad;;F
